Type,Seed,PSNR,SSIM,BPP,BPP_Pablo,Compression
SPLIT,2.0,43.367902788049136,0.9543699079831507,0.0379219983366087,0.08433832822833756,0.004740249792076087
