Type,Seed,PSNR,SSIM,BPP,BPP_Pablo,Compression
MERGED,2.0,37.72006245672446,0.9507710177997908,0.00764436735425173,0.11492367262767657,0.0009555459192814663
