Type,Seed,PSNR,SSIM,BPP,BPP_Pablo,Compression
MERGED,2.0,37.70782467741968,0.9509574907897032,0.007955550212670913,0.12405504974616965,0.000994443776583864
