Type,Seed,PSNR,SSIM,BPP,BPP_Pablo,Compression
SPLIT,2.0,43.31363666224027,0.954875859978338,0.03815982533052236,0.09250055910704519,0.004769978166315295
