Type,Seed,PSNR,SSIM,BPP,BPP_Pablo,Compression
SPLIT,2.0,43.41886642525542,0.9551152281381676,0.038351211743472974,0.07472207963070987,0.004793901467934122
