Type,Seed,PSNR,SSIM,BPP,BPP_Pablo,Compression
MERGED,2.0,37.58287128717527,0.9488653569217692,0.008167641977451151,0.1245691616296163,0.0010209552471813939
