Type,Seed,PSNR,SSIM,BPP,BPP_Pablo,Compression
SPLIT,2.0,43.465623207441894,0.9554780336846378,0.03870768860516698,0.07407150593139333,0.004838461075645873
