Type,Seed,PSNR,SSIM,BPP,BPP_Pablo,Compression
MERGED,2.0,37.680800099886966,0.9504993817023043,0.007764699427253479,0.12075849690564393,0.0009705874284066849
